<?xml version = '1.0' encoding = 'UTF-8'?>
<relationalModel class="oracle.dbtools.crest.model.design.relational.RelationalDesign" name="Relational_2" id="BBC4839E-4998-227B-1771-55FD5CE297D4" mainViewID="82B38DB5-4200-6810-9D0F-70BCFA75C90F">
<createdBy>tficor</createdBy>
<createdTime>2019-07-31 02:59:16 UTC</createdTime>
<ownerDesignName>schooldatabasemodel</ownerDesignName>
<shouldBeOpen>false</shouldBeOpen>
<selectedRDBMSSite>32076570-2523-435C-2E92-BF29817DFF70</selectedRDBMSSite>
</relationalModel>