<?xml version = '1.0' encoding = 'UTF-8'?>
<Diagram class="oracle.dbtools.crest.swingui.logical.DPVLogical" name="Logical" id="9693AF40-908E-696E-BA0C-517656749C96">
<createdBy>tficor</createdBy>
<modifiedBy>tficor</modifiedBy>
<createdTime>2019-07-29 19:41:20 UTC</createdTime>
<autoRoute>false</autoRoute>
<boxInbox>true</boxInbox>
<showLegend>false</showLegend>
<showLabels>false</showLabels>
<showRelAttributes>false</showRelAttributes>
<gridEnabled>false</gridEnabled>
<showGrid>false</showGrid>
<diagramColor>-1</diagramColor>
<display>false</display>
<notation>0</notation>
<objectViews>
<OView class="oracle.dbtools.crest.swingui.logical.TVEntity" oid="0A1CC2C9-7DCE-ED8F-D1CC-37065C4FAE79" otype="Entity" vid="BE201EBC-71D3-8063-F61B-74ED7936A8DB">
<hideElementsInCurrentOnly>false</hideElementsInCurrentOnly>
<bounds x="433" y="206" width="333" height="100"/>
</OView>
<OView class="oracle.dbtools.crest.swingui.logical.TVEntity" oid="A75369C6-D6D9-5C93-3FF5-B316F7AF9C32" otype="Entity" vid="363EEA75-B42B-18A2-7AF2-5745E712DC35">
<hideElementsInCurrentOnly>false</hideElementsInCurrentOnly>
<bounds x="93" y="28" width="260" height="132"/>
</OView>
<OView class="oracle.dbtools.crest.swingui.logical.TVEntity" oid="DDA20AB5-6CF3-49AE-6471-F2C90E6AF7B8" otype="Entity" vid="1B46591E-F8AA-A928-ACEE-0CBBDC4069FC">
<hideElementsInCurrentOnly>false</hideElementsInCurrentOnly>
<bounds x="336" y="380" width="341" height="154"/>
</OView>
<OView class="oracle.dbtools.crest.swingui.logical.TVEntity" oid="DDC6D3FA-88E5-D625-6BFE-B6EF97737CBA" otype="Entity" vid="4D6C5C3F-23AA-D9ED-0E20-FCA1CFDB007D">
<hideElementsInCurrentOnly>false</hideElementsInCurrentOnly>
<bounds x="419" y="27" width="234" height="89"/>
</OView>
<OView class="oracle.dbtools.crest.swingui.logical.TVEntity" oid="E5FA31C6-0F0D-C8CD-143B-A211106A5EBD" otype="Entity" vid="9FBD3EF7-0B4E-F0AB-07ED-3DE3AD83D08E">
<hideElementsInCurrentOnly>false</hideElementsInCurrentOnly>
<bounds x="8" y="386" width="292" height="125"/>
</OView>
<OView class="oracle.dbtools.crest.swingui.logical.TVEntity" oid="F33B4764-B156-68A2-470D-2B6F9A99696F" otype="Entity" vid="8687695A-7D3B-D3D4-43E7-9AE0A517A4A6">
<hideElementsInCurrentOnly>false</hideElementsInCurrentOnly>
<bounds x="90" y="207" width="285" height="110"/>
</OView>
</objectViews>
<connectors>
<Connector class="oracle.dbtools.crest.swingui.logical.TVRelation" oid="4325D038-0FC8-7B83-7030-235AA2898D09" otype="Relation" vid_source="8687695A-7D3B-D3D4-43E7-9AE0A517A4A6" vid_target="BE201EBC-71D3-8063-F61B-74ED7936A8DB">
<hideElementsInCurrentOnly>false</hideElementsInCurrentOnly>
<lineWidth>1</lineWidth>
<points>
<point x="375" y="276"/>
<point x="433" y="276"/>
</points>
</Connector>
<Connector class="oracle.dbtools.crest.swingui.logical.TVRelation" oid="86F22CD8-1139-F3CC-7A58-B1D89116F596" otype="Relation" vid_source="8687695A-7D3B-D3D4-43E7-9AE0A517A4A6" vid_target="9FBD3EF7-0B4E-F0AB-07ED-3DE3AD83D08E">
<hideElementsInCurrentOnly>false</hideElementsInCurrentOnly>
<lineWidth>1</lineWidth>
<points>
<point x="195" y="317"/>
<point x="195" y="386"/>
</points>
</Connector>
<Connector class="oracle.dbtools.crest.swingui.logical.TVRelation" oid="9C7A3CC2-181F-28E6-E5FF-A2500E068074" otype="Relation" vid_source="8687695A-7D3B-D3D4-43E7-9AE0A517A4A6" vid_target="1B46591E-F8AA-A928-ACEE-0CBBDC4069FC">
<hideElementsInCurrentOnly>false</hideElementsInCurrentOnly>
<lineWidth>1</lineWidth>
<points>
<point x="355" y="317"/>
<point x="355" y="380"/>
</points>
</Connector>
<Connector class="oracle.dbtools.crest.swingui.logical.TVRelation" oid="C0A839B5-1754-F729-6F5E-146F4B717CA1" otype="Relation" vid_source="363EEA75-B42B-18A2-7AF2-5745E712DC35" vid_target="4D6C5C3F-23AA-D9ED-0E20-FCA1CFDB007D">
<hideElementsInCurrentOnly>false</hideElementsInCurrentOnly>
<lineWidth>1</lineWidth>
<points>
<point x="353" y="72"/>
<point x="419" y="72"/>
</points>
</Connector>
<Connector class="oracle.dbtools.crest.swingui.logical.TVRelation" oid="F2ECF67B-A14B-6B2F-7F91-735C1EBBE762" otype="Relation" vid_source="8687695A-7D3B-D3D4-43E7-9AE0A517A4A6" vid_target="363EEA75-B42B-18A2-7AF2-5745E712DC35">
<hideElementsInCurrentOnly>false</hideElementsInCurrentOnly>
<lineWidth>1</lineWidth>
<points>
<point x="223" y="207"/>
<point x="223" y="160"/>
</points>
</Connector>
</connectors>
</Diagram>