<?xml version = '1.0' encoding = 'UTF-8'?>
<Diagram class="oracle.dbtools.crest.swingui.relational.DPVRelational" name="Relational_2" id="82B38DB5-4200-6810-9D0F-70BCFA75C90F">
<createdBy>tficor</createdBy>
<modifiedBy>tficor</modifiedBy>
<createdTime>2019-07-31 02:59:16 UTC</createdTime>
<autoRoute>false</autoRoute>
<boxInbox>true</boxInbox>
<showLegend>false</showLegend>
<showLabels>false</showLabels>
<showRelAttributes>false</showRelAttributes>
<gridEnabled>false</gridEnabled>
<showGrid>false</showGrid>
<diagramColor>-1</diagramColor>
<display>false</display>
<notation>1</notation>
<objectViews>
<OView class="oracle.dbtools.crest.swingui.relational.TVTable" oid="062135CE-FE86-7B79-E8A5-C3C7B5173857" otype="Table" vid="155D6AB6-0588-3044-D783-DA42282E525F">
<hideElementsInCurrentOnly>false</hideElementsInCurrentOnly>
<bounds x="394" y="30" width="260" height="132"/>
</OView>
<OView class="oracle.dbtools.crest.swingui.relational.TVTable" oid="0E431AB4-79C0-F89C-2D8D-1332561E9C32" otype="Table" vid="62217193-5084-D274-1343-8870252BBE6D">
<hideElementsInCurrentOnly>false</hideElementsInCurrentOnly>
<bounds x="303" y="385" width="341" height="173"/>
</OView>
<OView class="oracle.dbtools.crest.swingui.relational.TVTable" oid="110ECD8F-A1C8-C5D8-D4D4-F82F71674DB1" otype="Table" vid="7DCEBFEC-D68E-6A1B-7654-A7D2A859A1BB">
<hideElementsInCurrentOnly>false</hideElementsInCurrentOnly>
<bounds x="19" y="27" width="330" height="142"/>
</OView>
<OView class="oracle.dbtools.crest.swingui.relational.TVTable" oid="1BB92314-739A-049D-6CC9-44A8B72007E9" otype="Table" vid="60B9DAEA-C056-0649-7F94-53EC0A500C45">
<hideElementsInCurrentOnly>false</hideElementsInCurrentOnly>
<bounds x="450" y="189" width="333" height="170"/>
</OView>
<OView class="oracle.dbtools.crest.swingui.relational.TVTable" oid="986807C3-7293-AFDB-EA7C-EA7F0F725095" otype="Table" vid="5341DCF7-9AE0-BCD5-14A0-B162AB067F8F">
<hideElementsInCurrentOnly>false</hideElementsInCurrentOnly>
<bounds x="689" y="36" width="436" height="133"/>
</OView>
<OView class="oracle.dbtools.crest.swingui.relational.TVTable" oid="9B04CCBF-8136-FF3B-7943-7D897D3EB267" otype="Table" vid="D1348513-ED49-2249-BD9F-B0B1519DB7C0">
<hideElementsInCurrentOnly>false</hideElementsInCurrentOnly>
<bounds x="112" y="201" width="285" height="121"/>
</OView>
<OView class="oracle.dbtools.crest.swingui.relational.TVTable" oid="AE955AE7-0744-31E4-3037-ABF91DD4C0C8" otype="Table" vid="EED7ED66-6D15-787F-BDAD-51FEF5DF0A4F">
<hideElementsInCurrentOnly>false</hideElementsInCurrentOnly>
<bounds x="5" y="385" width="292" height="167"/>
</OView>
<OView class="oracle.dbtools.crest.swingui.relational.TVTable" oid="D6273B8F-7F76-AC41-1187-781CCF841A04" otype="Table" vid="8AD35077-E0AC-1387-A0D5-8CBB005FEF6B">
<hideElementsInCurrentOnly>false</hideElementsInCurrentOnly>
<bounds x="845" y="222" width="234" height="119"/>
</OView>
</objectViews>
<connectors>
<Connector class="oracle.dbtools.crest.swingui.relational.TVFKRelation" oid="0872C8F1-0695-B65D-DAF8-9822D491F50D" otype="FKIndexAssociation" vid_source="D1348513-ED49-2249-BD9F-B0B1519DB7C0" vid_target="60B9DAEA-C056-0649-7F94-53EC0A500C45">
<hideElementsInCurrentOnly>false</hideElementsInCurrentOnly>
<lineWidth>1</lineWidth>
<points>
<point x="397" y="261"/>
<point x="450" y="261"/>
</points>
</Connector>
<Connector class="oracle.dbtools.crest.swingui.relational.TVFKRelation" oid="53D49354-AB26-E05E-943D-D846EC8D74A0" otype="FKIndexAssociation" vid_source="D1348513-ED49-2249-BD9F-B0B1519DB7C0" vid_target="EED7ED66-6D15-787F-BDAD-51FEF5DF0A4F">
<hideElementsInCurrentOnly>false</hideElementsInCurrentOnly>
<lineWidth>1</lineWidth>
<points>
<point x="204" y="322"/>
<point x="204" y="385"/>
</points>
</Connector>
<Connector class="oracle.dbtools.crest.swingui.relational.TVFKRelation" oid="66064206-C9CF-E45E-A50D-B7F97EBD9A4C" otype="FKIndexAssociation" vid_source="155D6AB6-0588-3044-D783-DA42282E525F" vid_target="7DCEBFEC-D68E-6A1B-7654-A7D2A859A1BB">
<hideElementsInCurrentOnly>false</hideElementsInCurrentOnly>
<lineWidth>1</lineWidth>
<points>
<point x="394" y="96"/>
<point x="349" y="96"/>
</points>
</Connector>
<Connector class="oracle.dbtools.crest.swingui.relational.TVFKRelation" oid="ABC85B34-F263-6934-A110-C46FB9B88D38" otype="FKIndexAssociation" vid_source="155D6AB6-0588-3044-D783-DA42282E525F" vid_target="5341DCF7-9AE0-BCD5-14A0-B162AB067F8F">
<hideElementsInCurrentOnly>false</hideElementsInCurrentOnly>
<lineWidth>1</lineWidth>
<points>
<point x="654" y="99"/>
<point x="689" y="99"/>
</points>
</Connector>
<Connector class="oracle.dbtools.crest.swingui.relational.TVFKRelation" oid="AD6CC0CB-FA5D-6228-3117-48E6CF1E7D6B" otype="FKIndexAssociation" vid_source="D1348513-ED49-2249-BD9F-B0B1519DB7C0" vid_target="7DCEBFEC-D68E-6A1B-7654-A7D2A859A1BB">
<hideElementsInCurrentOnly>false</hideElementsInCurrentOnly>
<lineWidth>1</lineWidth>
<points>
<point x="201" y="201"/>
<point x="230" y="169"/>
</points>
</Connector>
<Connector class="oracle.dbtools.crest.swingui.relational.TVFKRelation" oid="ADE69FFC-6D12-9EF9-AF02-191EBEBB5909" otype="FKIndexAssociation" vid_source="8AD35077-E0AC-1387-A0D5-8CBB005FEF6B" vid_target="5341DCF7-9AE0-BCD5-14A0-B162AB067F8F">
<hideElementsInCurrentOnly>false</hideElementsInCurrentOnly>
<lineWidth>1</lineWidth>
<points>
<point x="962" y="222"/>
<point x="962" y="169"/>
</points>
</Connector>
<Connector class="oracle.dbtools.crest.swingui.relational.TVFKRelation" oid="C671C3CD-3EE8-EBAB-7E78-8846A26F4B92" otype="FKIndexAssociation" vid_source="D1348513-ED49-2249-BD9F-B0B1519DB7C0" vid_target="62217193-5084-D274-1343-8870252BBE6D">
<hideElementsInCurrentOnly>false</hideElementsInCurrentOnly>
<lineWidth>1</lineWidth>
<points>
<point x="350" y="322"/>
<point x="350" y="385"/>
</points>
</Connector>
</connectors>
</Diagram>