<?xml version = '1.0' encoding = 'UTF-8'?>
<FKIndexAssociation class="oracle.dbtools.crest.model.design.relational.FKIndexAssociation" directorySegmentName="seg_0" id="0872C8F1-0695-B65D-DAF8-9822D491F50D" containerWithKeyObject="1BB92314-739A-049D-6CC9-44A8B72007E9" localFKIndex="1AB787D6-9CC3-758C-7519-F4D4A23DBD4A" name="tblRelationship_tblGuardian_FKv1">
<createdBy>tficor</createdBy>
<createdTime>2019-07-31 02:59:34 UTC</createdTime>
<generatorID>411E20E9-F0CF-39A4-F01D-F527A81B3FDE</generatorID>
<ownerDesignName>schooldatabasemodel</ownerDesignName>
<deleteRule>NO ACTION</deleteRule>
<referredTableID>9B04CCBF-8136-FF3B-7943-7D897D3EB267</referredTableID>
<keyObject>29D5CBBC-5D9E-4A46-C992-6AF9FF735FD1</keyObject>
<referredKeyID>29D5CBBC-5D9E-4A46-C992-6AF9FF735FD1</referredKeyID>
<mandatory>true</mandatory>
<transferable>true</transferable>
<rely>false</rely>
<columnDependencyConstraintGenerateInDDL>true</columnDependencyConstraintGenerateInDDL>
</FKIndexAssociation>