<?xml version = '1.0' encoding = 'UTF-8'?>
<FKIndexAssociation class="oracle.dbtools.crest.model.design.relational.FKIndexAssociation" directorySegmentName="seg_0" id="53D49354-AB26-E05E-943D-D846EC8D74A0" containerWithKeyObject="AE955AE7-0744-31E4-3037-ABF91DD4C0C8" localFKIndex="7E446B67-FD2E-E7C3-888D-384A01966757" name="tblMan_tblGuardian_FK">
<createdBy>tficor</createdBy>
<createdTime>2019-07-31 02:59:34 UTC</createdTime>
<generatorID>86F22CD8-1139-F3CC-7A58-B1D89116F596</generatorID>
<ownerDesignName>schooldatabasemodel</ownerDesignName>
<deleteRule>NO ACTION</deleteRule>
<referredTableID>9B04CCBF-8136-FF3B-7943-7D897D3EB267</referredTableID>
<keyObject>29D5CBBC-5D9E-4A46-C992-6AF9FF735FD1</keyObject>
<referredKeyID>29D5CBBC-5D9E-4A46-C992-6AF9FF735FD1</referredKeyID>
<mandatory>false</mandatory>
<transferable>true</transferable>
<rely>false</rely>
<columnDependencyConstraintGenerateInDDL>true</columnDependencyConstraintGenerateInDDL>
</FKIndexAssociation>