<?xml version = '1.0' encoding = 'UTF-8'?>
<FKIndexAssociation class="oracle.dbtools.crest.model.design.relational.FKIndexAssociation" directorySegmentName="seg_0" id="66064206-C9CF-E45E-A50D-B7F97EBD9A4C" containerWithKeyObject="110ECD8F-A1C8-C5D8-D4D4-F82F71674DB1" localFKIndex="48A8B6A5-2FF7-D891-7401-9D65C389C9F9" name="FK_Child_BRDG">
<createdBy>tficor</createdBy>
<createdTime>2019-07-31 02:59:34 UTC</createdTime>
<generatorID>F2ECF67B-A14B-6B2F-7F91-735C1EBBE762</generatorID>
<ownerDesignName>schooldatabasemodel</ownerDesignName>
<deleteRule>NO ACTION</deleteRule>
<referredTableID>062135CE-FE86-7B79-E8A5-C3C7B5173857</referredTableID>
<keyObject>5ED00ADC-4454-E758-E059-EB579FB7ACBE</keyObject>
<referredKeyID>5ED00ADC-4454-E758-E059-EB579FB7ACBE</referredKeyID>
<mandatory>true</mandatory>
<transferable>true</transferable>
<rely>false</rely>
<columnDependencyConstraintGenerateInDDL>true</columnDependencyConstraintGenerateInDDL>
</FKIndexAssociation>