<?xml version = '1.0' encoding = 'UTF-8'?>
<FKIndexAssociation class="oracle.dbtools.crest.model.design.relational.FKIndexAssociation" directorySegmentName="seg_0" id="ABC85B34-F263-6934-A110-C46FB9B88D38" containerWithKeyObject="986807C3-7293-AFDB-EA7C-EA7F0F725095" localFKIndex="51DDC003-309E-B17F-107D-51A1F504AD82" name="FK_Child_BRDG2">
<createdBy>tficor</createdBy>
<createdTime>2019-07-31 02:59:34 UTC</createdTime>
<generatorID>C0A839B5-1754-F729-6F5E-146F4B717CA1</generatorID>
<ownerDesignName>schooldatabasemodel</ownerDesignName>
<deleteRule>NO ACTION</deleteRule>
<referredTableID>062135CE-FE86-7B79-E8A5-C3C7B5173857</referredTableID>
<keyObject>5ED00ADC-4454-E758-E059-EB579FB7ACBE</keyObject>
<referredKeyID>5ED00ADC-4454-E758-E059-EB579FB7ACBE</referredKeyID>
<mandatory>true</mandatory>
<transferable>true</transferable>
<rely>false</rely>
<columnDependencyConstraintGenerateInDDL>true</columnDependencyConstraintGenerateInDDL>
</FKIndexAssociation>