<?xml version = '1.0' encoding = 'UTF-8'?>
<FKIndexAssociation class="oracle.dbtools.crest.model.design.relational.FKIndexAssociation" directorySegmentName="seg_0" id="AD6CC0CB-FA5D-6228-3117-48E6CF1E7D6B" containerWithKeyObject="110ECD8F-A1C8-C5D8-D4D4-F82F71674DB1" localFKIndex="0C525396-DD41-F7D3-B3D6-ABF66ACCF171" name="FK_Guardian_BRDG">
<createdBy>tficor</createdBy>
<createdTime>2019-07-31 02:59:34 UTC</createdTime>
<generatorID>F2ECF67B-A14B-6B2F-7F91-735C1EBBE762</generatorID>
<ownerDesignName>schooldatabasemodel</ownerDesignName>
<deleteRule>NO ACTION</deleteRule>
<referredTableID>9B04CCBF-8136-FF3B-7943-7D897D3EB267</referredTableID>
<keyObject>29D5CBBC-5D9E-4A46-C992-6AF9FF735FD1</keyObject>
<referredKeyID>29D5CBBC-5D9E-4A46-C992-6AF9FF735FD1</referredKeyID>
<mandatory>true</mandatory>
<transferable>true</transferable>
<rely>false</rely>
<columnDependencyConstraintGenerateInDDL>true</columnDependencyConstraintGenerateInDDL>
</FKIndexAssociation>