<?xml version = '1.0' encoding = 'UTF-8'?>
<FKIndexAssociation class="oracle.dbtools.crest.model.design.relational.FKIndexAssociation" directorySegmentName="seg_0" id="ADE69FFC-6D12-9EF9-AF02-191EBEBB5909" containerWithKeyObject="986807C3-7293-AFDB-EA7C-EA7F0F725095" localFKIndex="907535A5-1094-BF0E-E6B8-4533F3F56886" name="FK_Sibling_BRDG">
<createdBy>tficor</createdBy>
<createdTime>2019-07-31 02:59:34 UTC</createdTime>
<generatorID>C0A839B5-1754-F729-6F5E-146F4B717CA1</generatorID>
<ownerDesignName>schooldatabasemodel</ownerDesignName>
<deleteRule>NO ACTION</deleteRule>
<referredTableID>D6273B8F-7F76-AC41-1187-781CCF841A04</referredTableID>
<keyObject>84F4A93B-7265-4D62-2562-B1EFAB5851A2</keyObject>
<referredKeyID>84F4A93B-7265-4D62-2562-B1EFAB5851A2</referredKeyID>
<mandatory>true</mandatory>
<transferable>true</transferable>
<rely>false</rely>
<columnDependencyConstraintGenerateInDDL>true</columnDependencyConstraintGenerateInDDL>
</FKIndexAssociation>