<?xml version = '1.0' encoding = 'UTF-8'?>
<FKIndexAssociation class="oracle.dbtools.crest.model.design.relational.FKIndexAssociation" directorySegmentName="seg_0" id="C671C3CD-3EE8-EBAB-7E78-8846A26F4B92" containerWithKeyObject="0E431AB4-79C0-F89C-2D8D-1332561E9C32" localFKIndex="F83CA4A4-2B46-025B-1A70-49025C586AF2" name="tblWoman_tblGuardian_FK">
<createdBy>tficor</createdBy>
<createdTime>2019-07-31 02:59:34 UTC</createdTime>
<generatorID>9C7A3CC2-181F-28E6-E5FF-A2500E068074</generatorID>
<ownerDesignName>schooldatabasemodel</ownerDesignName>
<deleteRule>NO ACTION</deleteRule>
<referredTableID>9B04CCBF-8136-FF3B-7943-7D897D3EB267</referredTableID>
<keyObject>29D5CBBC-5D9E-4A46-C992-6AF9FF735FD1</keyObject>
<referredKeyID>29D5CBBC-5D9E-4A46-C992-6AF9FF735FD1</referredKeyID>
<mandatory>false</mandatory>
<transferable>true</transferable>
<rely>false</rely>
<columnDependencyConstraintGenerateInDDL>true</columnDependencyConstraintGenerateInDDL>
</FKIndexAssociation>