<?xml version = '1.0' encoding = 'UTF-8'?>
<Table class="oracle.dbtools.crest.model.design.relational.Table" directorySegmentName="seg_0" id="0E431AB4-79C0-F89C-2D8D-1332561E9C32" name="tblWoman">
<createdBy>tficor</createdBy>
<createdTime>2019-07-31 02:59:34 UTC</createdTime>
<generatorID>DDA20AB5-6CF3-49AE-6471-F2C90E6AF7B8</generatorID>
<ownerDesignName>schooldatabasemodel</ownerDesignName>
<abbreviation>Woman</abbreviation>
<allowColumnReorder>false</allowColumnReorder>
<existDependencyGenerateInDDl>true</existDependencyGenerateInDDl>
<parsed>true</parsed>
<columns itemClass="oracle.dbtools.crest.model.design.relational.Column">
<Column name="WomanID" id="5F7FA873-786D-6A0E-CEA8-776B5A86787D">
<createdBy>tficor</createdBy>
<createdTime>2019-07-31 02:59:34 UTC</createdTime>
<generatorID>C05F898C-183E-C5DC-8338-BEDE21A5FEF1</generatorID>
<ownerDesignName>schooldatabasemodel</ownerDesignName>
<useDomainConstraints>false</useDomainConstraints>
<use>1</use>
<logicalDatatype>LOGDT024</logicalDatatype>
<dataTypeSize>10</dataTypeSize>
<ownDataTypeParameters>10,,</ownDataTypeParameters>
<autoIncrementCycle>false</autoIncrementCycle>
</Column>
<Column name="FirstName" id="D3073B96-2ED2-E68C-96F6-A035963373B3">
<createdBy>tficor</createdBy>
<createdTime>2019-07-31 02:59:34 UTC</createdTime>
<generatorID>D3331844-A43B-6D85-00FD-32CA2BAE765F</generatorID>
<ownerDesignName>schooldatabasemodel</ownerDesignName>
<nullsAllowed>true</nullsAllowed>
<useDomainConstraints>false</useDomainConstraints>
<use>1</use>
<logicalDatatype>LOGDT024</logicalDatatype>
<dataTypeSize>20</dataTypeSize>
<ownDataTypeParameters>20,,</ownDataTypeParameters>
<autoIncrementCycle>false</autoIncrementCycle>
</Column>
<Column name="LastName" id="595F16D9-69B1-248F-C0C6-D105504B40BA">
<createdBy>tficor</createdBy>
<createdTime>2019-07-31 02:59:34 UTC</createdTime>
<generatorID>2FD69A9C-F87C-28B3-38C2-B6AF9213510B</generatorID>
<ownerDesignName>schooldatabasemodel</ownerDesignName>
<nullsAllowed>true</nullsAllowed>
<useDomainConstraints>false</useDomainConstraints>
<use>1</use>
<logicalDatatype>LOGDT024</logicalDatatype>
<dataTypeSize>30</dataTypeSize>
<ownDataTypeParameters>30,,</ownDataTypeParameters>
<autoIncrementCycle>false</autoIncrementCycle>
</Column>
<Column name="DOB" id="D02148D9-5C70-E2EE-7903-DA3B975BD2B9">
<createdBy>tficor</createdBy>
<createdTime>2019-07-31 02:59:34 UTC</createdTime>
<generatorID>295658F8-D9A0-B29E-89ED-6953F997CA00</generatorID>
<ownerDesignName>schooldatabasemodel</ownerDesignName>
<nullsAllowed>true</nullsAllowed>
<useDomainConstraints>false</useDomainConstraints>
<use>1</use>
<logicalDatatype>LOGDT007</logicalDatatype>
<ownDataTypeParameters>,,</ownDataTypeParameters>
<autoIncrementCycle>false</autoIncrementCycle>
</Column>
<Column name="MaidenName" id="F4FFBD3A-8C8D-C07B-C7EA-CD91EB507113">
<createdBy>tficor</createdBy>
<createdTime>2019-07-31 02:59:34 UTC</createdTime>
<generatorID>7AE815FE-65B3-CBC3-D5F8-60C79B0D2DBA</generatorID>
<ownerDesignName>schooldatabasemodel</ownerDesignName>
<nullsAllowed>true</nullsAllowed>
<useDomainConstraints>false</useDomainConstraints>
<use>1</use>
<logicalDatatype>LOGDT024</logicalDatatype>
<dataTypeSize>30</dataTypeSize>
<ownDataTypeParameters>30,,</ownDataTypeParameters>
<autoIncrementCycle>false</autoIncrementCycle>
</Column>
<Column name="tblGuardian_GuardianID" id="FC9ED58C-CAD7-356D-1547-099B528FDC20">
<createdBy>tficor</createdBy>
<createdTime>2019-07-31 02:59:34 UTC</createdTime>
<generatorID>AD5949DB-6E2F-7EC6-59B4-D3BA6995EEF4</generatorID>
<ownerDesignName>schooldatabasemodel</ownerDesignName>
<nullsAllowed>true</nullsAllowed>
<useDomainConstraints>false</useDomainConstraints>
<use>1</use>
<logicalDatatype>LOGDT024</logicalDatatype>
<dataTypeSize>10</dataTypeSize>
<ownDataTypeParameters>10,,</ownDataTypeParameters>
<previousColumn>false</previousColumn>
<autoIncrementCycle>false</autoIncrementCycle>
<associations>
<colAssociation fkAssociation="C671C3CD-3EE8-EBAB-7E78-8846A26F4B92" referredColumn="883C9FBC-A664-EDDA-BD0F-47D5964075DC"/>
</associations>
</Column>
</columns>
<indexes itemClass="oracle.dbtools.crest.model.design.relational.Index">
<ind_PK_UK id="F0DA0C16-7874-E48F-A9A0-270D2652BA72" name="tblWoman_PK">
<createdBy>tficor</createdBy>
<createdTime>2019-07-31 02:59:34 UTC</createdTime>
<generatorID>AE0A35B3-EAAE-5038-CA09-BE7FBFBDEC08</generatorID>
<ownerDesignName>schooldatabasemodel</ownerDesignName>
<pk>true</pk>
<indexState>Primary Constraint</indexState>
<isSurrogateKey>false</isSurrogateKey>
<indexColumnUsage>
<colUsage columnID="5F7FA873-786D-6A0E-CEA8-776B5A86787D"/>
</indexColumnUsage>
</ind_PK_UK>
<ind_PK_UK id="668215EE-45C3-4D2E-9645-CA029D21AC6E" name="tblWoman__IDX">
<createdBy>tficor</createdBy>
<createdTime>2019-07-31 02:59:34 UTC</createdTime>
<ownerDesignName>schooldatabasemodel</ownerDesignName>
<indexState>Unique Plain Index</indexState>
<isSurrogateKey>false</isSurrogateKey>
<relationGeneratorID>9C7A3CC2-181F-28E6-E5FF-A2500E068074</relationGeneratorID>
<indexColumnUsage>
<colUsage columnID="FC9ED58C-CAD7-356D-1547-099B528FDC20"/>
</indexColumnUsage>
</ind_PK_UK>
<ind_PK_UK id="F83CA4A4-2B46-025B-1A70-49025C586AF2" name="tblWoman_tblGuardian_FK">
<createdBy>tficor</createdBy>
<createdTime>2019-07-31 02:59:34 UTC</createdTime>
<generatorID>9C7A3CC2-181F-28E6-E5FF-A2500E068074</generatorID>
<ownerDesignName>schooldatabasemodel</ownerDesignName>
<indexState>Foreign Key</indexState>
<isSurrogateKey>false</isSurrogateKey>
<indexColumnUsage>
<colUsage columnID="FC9ED58C-CAD7-356D-1547-099B528FDC20"/>
</indexColumnUsage>
</ind_PK_UK>
</indexes>
</Table>