<?xml version = '1.0' encoding = 'UTF-8'?>
<Table class="oracle.dbtools.crest.model.design.relational.Table" directorySegmentName="seg_0" id="110ECD8F-A1C8-C5D8-D4D4-F82F71674DB1" name="Guardian_Child">
<createdBy>tficor</createdBy>
<createdTime>2019-07-31 02:59:34 UTC</createdTime>
<ownerDesignName>schooldatabasemodel</ownerDesignName>
<allowColumnReorder>false</allowColumnReorder>
<existDependencyGenerateInDDl>true</existDependencyGenerateInDDl>
<parsed>true</parsed>
<columns itemClass="oracle.dbtools.crest.model.design.relational.Column">
<Column name="tblGuardian_GuardianID" id="2BA05887-5DAE-55DE-1EDB-3A168134C684">
<createdBy>tficor</createdBy>
<createdTime>2019-07-31 02:59:34 UTC</createdTime>
<ownerDesignName>schooldatabasemodel</ownerDesignName>
<useDomainConstraints>false</useDomainConstraints>
<use>1</use>
<logicalDatatype>LOGDT024</logicalDatatype>
<dataTypeSize>10</dataTypeSize>
<ownDataTypeParameters>,,</ownDataTypeParameters>
<previousColumn>false</previousColumn>
<autoIncrementCycle>false</autoIncrementCycle>
<associations>
<colAssociation fkAssociation="AD6CC0CB-FA5D-6228-3117-48E6CF1E7D6B" referredColumn="883C9FBC-A664-EDDA-BD0F-47D5964075DC"/>
</associations>
</Column>
<Column name="tblChild_ChildID" id="27AF7123-B299-B585-5FA9-71ED5D7FA0BC">
<createdBy>tficor</createdBy>
<createdTime>2019-07-31 02:59:34 UTC</createdTime>
<ownerDesignName>schooldatabasemodel</ownerDesignName>
<useDomainConstraints>false</useDomainConstraints>
<use>1</use>
<logicalDatatype>LOGDT024</logicalDatatype>
<dataTypeSize>10</dataTypeSize>
<ownDataTypeParameters>,,</ownDataTypeParameters>
<previousColumn>false</previousColumn>
<autoIncrementCycle>false</autoIncrementCycle>
<associations>
<colAssociation fkAssociation="66064206-C9CF-E45E-A50D-B7F97EBD9A4C" referredColumn="576EDB74-BF76-8C57-975A-1ED6A4C4310A"/>
</associations>
</Column>
</columns>
<indexes itemClass="oracle.dbtools.crest.model.design.relational.Index">
<ind_PK_UK id="2B43A53B-466C-929C-7315-F2A02BD15713" name="Guardian_Child_PK">
<createdBy>tficor</createdBy>
<createdTime>2019-07-31 02:59:34 UTC</createdTime>
<ownerDesignName>schooldatabasemodel</ownerDesignName>
<pk>true</pk>
<indexState>Primary Constraint</indexState>
<isSurrogateKey>false</isSurrogateKey>
<indexColumnUsage>
<colUsage columnID="2BA05887-5DAE-55DE-1EDB-3A168134C684"/>
<colUsage columnID="27AF7123-B299-B585-5FA9-71ED5D7FA0BC"/>
</indexColumnUsage>
</ind_PK_UK>
<ind_PK_UK id="0C525396-DD41-F7D3-B3D6-ABF66ACCF171" name="FK_Guardian_BRDG">
<createdBy>tficor</createdBy>
<createdTime>2019-07-31 02:59:34 UTC</createdTime>
<generatorID>F2ECF67B-A14B-6B2F-7F91-735C1EBBE762</generatorID>
<ownerDesignName>schooldatabasemodel</ownerDesignName>
<indexState>Foreign Key</indexState>
<isSurrogateKey>false</isSurrogateKey>
<indexColumnUsage>
<colUsage columnID="2BA05887-5DAE-55DE-1EDB-3A168134C684"/>
</indexColumnUsage>
</ind_PK_UK>
<ind_PK_UK id="48A8B6A5-2FF7-D891-7401-9D65C389C9F9" name="FK_Child_BRDG">
<createdBy>tficor</createdBy>
<createdTime>2019-07-31 02:59:34 UTC</createdTime>
<generatorID>F2ECF67B-A14B-6B2F-7F91-735C1EBBE762</generatorID>
<ownerDesignName>schooldatabasemodel</ownerDesignName>
<indexState>Foreign Key</indexState>
<isSurrogateKey>false</isSurrogateKey>
<indexColumnUsage>
<colUsage columnID="27AF7123-B299-B585-5FA9-71ED5D7FA0BC"/>
</indexColumnUsage>
</ind_PK_UK>
</indexes>
</Table>