<?xml version = '1.0' encoding = 'UTF-8'?>
<Table class="oracle.dbtools.crest.model.design.relational.Table" directorySegmentName="seg_0" id="1BB92314-739A-049D-6CC9-44A8B72007E9" name="tblRelationship">
<createdBy>tficor</createdBy>
<createdTime>2019-07-31 02:59:34 UTC</createdTime>
<comment>Create sequence for RelationID that starts at 1001 or greater.</comment>
<generatorID>0A1CC2C9-7DCE-ED8F-D1CC-37065C4FAE79</generatorID>
<ownerDesignName>schooldatabasemodel</ownerDesignName>
<abbreviation>Relationship</abbreviation>
<allowColumnReorder>false</allowColumnReorder>
<existDependencyGenerateInDDl>true</existDependencyGenerateInDDl>
<parsed>true</parsed>
<columns itemClass="oracle.dbtools.crest.model.design.relational.Column">
<Column name="RelationID" id="E554DBD5-40A1-E2F8-4C69-E736C5045817">
<createdBy>tficor</createdBy>
<createdTime>2019-07-31 02:59:34 UTC</createdTime>
<generatorID>7E67A4F5-ADC0-8C68-4ECA-42832BF3D442</generatorID>
<ownerDesignName>schooldatabasemodel</ownerDesignName>
<useDomainConstraints>false</useDomainConstraints>
<use>1</use>
<logicalDatatype>LOGDT024</logicalDatatype>
<dataTypeSize>10</dataTypeSize>
<ownDataTypeParameters>10,,</ownDataTypeParameters>
<autoIncrementCycle>false</autoIncrementCycle>
</Column>
<Column name="Relationship" id="5DC7915F-82EE-46E5-5FC1-F32452341339">
<createdBy>tficor</createdBy>
<createdTime>2019-07-31 02:59:34 UTC</createdTime>
<generatorID>BE0E8720-AC85-CFBD-9399-9205887E9071</generatorID>
<ownerDesignName>schooldatabasemodel</ownerDesignName>
<useDomainConstraints>false</useDomainConstraints>
<use>1</use>
<logicalDatatype>LOGDT024</logicalDatatype>
<dataTypeSize>25</dataTypeSize>
<ownDataTypeParameters>25,,</ownDataTypeParameters>
<autoIncrementCycle>false</autoIncrementCycle>
</Column>
<Column name="tblGuardian_GuardianID1" id="004DF330-2B41-A15A-33C1-A955880CA5D5">
<createdBy>tficor</createdBy>
<createdTime>2019-07-31 02:59:34 UTC</createdTime>
<generatorID>0A24B520-745F-6BDA-5E5B-54B32862E9B0</generatorID>
<ownerDesignName>schooldatabasemodel</ownerDesignName>
<useDomainConstraints>false</useDomainConstraints>
<use>1</use>
<logicalDatatype>LOGDT024</logicalDatatype>
<dataTypeSize>10</dataTypeSize>
<ownDataTypeParameters>,,</ownDataTypeParameters>
<previousColumn>false</previousColumn>
<autoIncrementCycle>false</autoIncrementCycle>
<associations>
<colAssociation fkAssociation="0872C8F1-0695-B65D-DAF8-9822D491F50D" referredColumn="883C9FBC-A664-EDDA-BD0F-47D5964075DC"/>
</associations>
</Column>
<Column name="tblGuardian_GuardianID" id="4F47FC6D-BF08-06A7-8D13-61FBF219D9E2">
<createdBy>tficor</createdBy>
<createdTime>2019-07-31 02:59:34 UTC</createdTime>
<generatorID>5DC1B2DB-4CEB-32CC-C66E-07AC0ADB59D5</generatorID>
<ownerDesignName>schooldatabasemodel</ownerDesignName>
<useDomainConstraints>false</useDomainConstraints>
<use>1</use>
<logicalDatatype>LOGDT024</logicalDatatype>
<dataTypeSize>10</dataTypeSize>
<ownDataTypeParameters>10,,</ownDataTypeParameters>
<previousColumn>false</previousColumn>
<autoIncrementCycle>false</autoIncrementCycle>
</Column>
</columns>
<indexes itemClass="oracle.dbtools.crest.model.design.relational.Index">
<ind_PK_UK id="DC304448-E013-820E-47AA-B958CBF04AD1" name="tblRelationship_PK">
<createdBy>tficor</createdBy>
<createdTime>2019-07-31 02:59:34 UTC</createdTime>
<generatorID>FB81B8D1-019A-72E3-2381-338B2FC953FB</generatorID>
<ownerDesignName>schooldatabasemodel</ownerDesignName>
<pk>true</pk>
<indexState>Primary Constraint</indexState>
<isSurrogateKey>false</isSurrogateKey>
</ind_PK_UK>
<ind_PK_UK id="02C6A497-7BF4-B5DB-0B33-9B64A2CB5CFF" name="tblRelationship__IDX">
<createdBy>tficor</createdBy>
<createdTime>2019-07-31 02:59:34 UTC</createdTime>
<ownerDesignName>schooldatabasemodel</ownerDesignName>
<indexState>Unique Plain Index</indexState>
<isSurrogateKey>false</isSurrogateKey>
<relationGeneratorID>4325D038-0FC8-7B83-7030-235AA2898D09</relationGeneratorID>
<indexColumnUsage>
<colUsage columnID="4F47FC6D-BF08-06A7-8D13-61FBF219D9E2"/>
</indexColumnUsage>
</ind_PK_UK>
<ind_PK_UK id="1AB787D6-9CC3-758C-7519-F4D4A23DBD4A" name="tblRelationship_tblGuardian_FKv1">
<createdBy>tficor</createdBy>
<createdTime>2019-07-31 02:59:34 UTC</createdTime>
<generatorID>411E20E9-F0CF-39A4-F01D-F527A81B3FDE</generatorID>
<ownerDesignName>schooldatabasemodel</ownerDesignName>
<indexState>Foreign Key</indexState>
<isSurrogateKey>false</isSurrogateKey>
<indexColumnUsage>
<colUsage columnID="004DF330-2B41-A15A-33C1-A955880CA5D5"/>
</indexColumnUsage>
</ind_PK_UK>
</indexes>
</Table>