<?xml version = '1.0' encoding = 'UTF-8'?>
<Table class="oracle.dbtools.crest.model.design.relational.Table" directorySegmentName="seg_0" id="986807C3-7293-AFDB-EA7C-EA7F0F725095" name="tblSibling_tblChild_FK">
<createdBy>tficor</createdBy>
<createdTime>2019-07-31 02:59:34 UTC</createdTime>
<ownerDesignName>schooldatabasemodel</ownerDesignName>
<allowColumnReorder>false</allowColumnReorder>
<existDependencyGenerateInDDl>true</existDependencyGenerateInDDl>
<parsed>true</parsed>
<columns itemClass="oracle.dbtools.crest.model.design.relational.Column">
<Column name="tblChild_ChildID" id="2977D32C-3896-54E3-64FD-ED1AA47C2F08">
<createdBy>tficor</createdBy>
<createdTime>2019-07-31 02:59:34 UTC</createdTime>
<ownerDesignName>schooldatabasemodel</ownerDesignName>
<useDomainConstraints>false</useDomainConstraints>
<use>1</use>
<logicalDatatype>LOGDT024</logicalDatatype>
<dataTypeSize>10</dataTypeSize>
<ownDataTypeParameters>10,,</ownDataTypeParameters>
<previousColumn>false</previousColumn>
<autoIncrementCycle>false</autoIncrementCycle>
<associations>
<colAssociation fkAssociation="ABC85B34-F263-6934-A110-C46FB9B88D38" referredColumn="576EDB74-BF76-8C57-975A-1ED6A4C4310A"/>
</associations>
</Column>
<Column name="tblSibling_SiblingID" id="F724088A-C618-B05F-2A8D-EDF682B8318F">
<createdBy>tficor</createdBy>
<createdTime>2019-07-31 02:59:34 UTC</createdTime>
<ownerDesignName>schooldatabasemodel</ownerDesignName>
<useDomainConstraints>false</useDomainConstraints>
<use>1</use>
<logicalDatatype>LOGDT024</logicalDatatype>
<dataTypeSize>10</dataTypeSize>
<ownDataTypeParameters>10,,</ownDataTypeParameters>
<previousColumn>false</previousColumn>
<autoIncrementCycle>false</autoIncrementCycle>
<associations>
<colAssociation fkAssociation="ADE69FFC-6D12-9EF9-AF02-191EBEBB5909" referredColumn="385A18AB-7FA9-7BB4-8590-535FB21E2520"/>
</associations>
</Column>
<Column name="tblSibling_ChildID" id="8B4FDD9F-1463-C562-DD22-526883A5A2DA">
<createdBy>tficor</createdBy>
<createdTime>2019-07-31 02:59:34 UTC</createdTime>
<ownerDesignName>schooldatabasemodel</ownerDesignName>
<useDomainConstraints>false</useDomainConstraints>
<use>1</use>
<logicalDatatype>LOGDT024</logicalDatatype>
<dataTypeSize>10</dataTypeSize>
<ownDataTypeParameters>10,,</ownDataTypeParameters>
<previousColumn>false</previousColumn>
<autoIncrementCycle>false</autoIncrementCycle>
<associations>
<colAssociation fkAssociation="ADE69FFC-6D12-9EF9-AF02-191EBEBB5909" referredColumn="8E757BE3-B5FB-C541-C8DC-41A8ACC437FF"/>
</associations>
</Column>
</columns>
<indexes itemClass="oracle.dbtools.crest.model.design.relational.Index">
<ind_PK_UK id="EFD4AF32-521F-47A3-3E7F-D31FD6434522" name="tblSibling_tblChild_FK_PK">
<createdBy>tficor</createdBy>
<createdTime>2019-07-31 02:59:34 UTC</createdTime>
<ownerDesignName>schooldatabasemodel</ownerDesignName>
<pk>true</pk>
<indexState>Primary Constraint</indexState>
<isSurrogateKey>false</isSurrogateKey>
<indexColumnUsage>
<colUsage columnID="2977D32C-3896-54E3-64FD-ED1AA47C2F08"/>
<colUsage columnID="F724088A-C618-B05F-2A8D-EDF682B8318F"/>
<colUsage columnID="8B4FDD9F-1463-C562-DD22-526883A5A2DA"/>
</indexColumnUsage>
</ind_PK_UK>
<ind_PK_UK id="51DDC003-309E-B17F-107D-51A1F504AD82" name="FK_Child_BRDG2">
<createdBy>tficor</createdBy>
<createdTime>2019-07-31 02:59:34 UTC</createdTime>
<generatorID>C0A839B5-1754-F729-6F5E-146F4B717CA1</generatorID>
<ownerDesignName>schooldatabasemodel</ownerDesignName>
<indexState>Foreign Key</indexState>
<isSurrogateKey>false</isSurrogateKey>
<indexColumnUsage>
<colUsage columnID="2977D32C-3896-54E3-64FD-ED1AA47C2F08"/>
</indexColumnUsage>
</ind_PK_UK>
<ind_PK_UK id="907535A5-1094-BF0E-E6B8-4533F3F56886" name="FK_Sibling_BRDG">
<createdBy>tficor</createdBy>
<createdTime>2019-07-31 02:59:34 UTC</createdTime>
<generatorID>C0A839B5-1754-F729-6F5E-146F4B717CA1</generatorID>
<ownerDesignName>schooldatabasemodel</ownerDesignName>
<indexState>Foreign Key</indexState>
<isSurrogateKey>false</isSurrogateKey>
<indexColumnUsage>
<colUsage columnID="F724088A-C618-B05F-2A8D-EDF682B8318F"/>
<colUsage columnID="8B4FDD9F-1463-C562-DD22-526883A5A2DA"/>
</indexColumnUsage>
</ind_PK_UK>
</indexes>
</Table>