<?xml version = '1.0' encoding = 'UTF-8'?>
<Table class="oracle.dbtools.crest.model.design.relational.Table" directorySegmentName="seg_0" id="9B04CCBF-8136-FF3B-7943-7D897D3EB267" name="tblGuardian">
<createdBy>tficor</createdBy>
<createdTime>2019-07-31 02:59:34 UTC</createdTime>
<generatorID>F33B4764-B156-68A2-470D-2B6F9A99696F</generatorID>
<ownerDesignName>schooldatabasemodel</ownerDesignName>
<abbreviation>Guardian</abbreviation>
<allowColumnReorder>false</allowColumnReorder>
<existDependencyGenerateInDDl>true</existDependencyGenerateInDDl>
<parsed>true</parsed>
<columns itemClass="oracle.dbtools.crest.model.design.relational.Column">
<Column name="GuardianID" id="883C9FBC-A664-EDDA-BD0F-47D5964075DC">
<createdBy>tficor</createdBy>
<createdTime>2019-07-31 02:59:34 UTC</createdTime>
<generatorID>904B0527-DC96-5785-F32C-56246090D9EA</generatorID>
<ownerDesignName>schooldatabasemodel</ownerDesignName>
<useDomainConstraints>false</useDomainConstraints>
<use>1</use>
<logicalDatatype>LOGDT024</logicalDatatype>
<dataTypeSize>10</dataTypeSize>
<ownDataTypeParameters>10,,</ownDataTypeParameters>
<autoIncrementCycle>false</autoIncrementCycle>
</Column>
</columns>
<indexes itemClass="oracle.dbtools.crest.model.design.relational.Index">
<ind_PK_UK id="29D5CBBC-5D9E-4A46-C992-6AF9FF735FD1" name="tblGuardian_PK">
<createdBy>tficor</createdBy>
<createdTime>2019-07-31 02:59:34 UTC</createdTime>
<generatorID>84A85C00-31C7-0E6C-AB8B-31BD0A0CDD69</generatorID>
<ownerDesignName>schooldatabasemodel</ownerDesignName>
<pk>true</pk>
<indexState>Primary Constraint</indexState>
<isSurrogateKey>false</isSurrogateKey>
<indexColumnUsage>
<colUsage columnID="883C9FBC-A664-EDDA-BD0F-47D5964075DC"/>
</indexColumnUsage>
</ind_PK_UK>
</indexes>
</Table>