<?xml version = '1.0' encoding = 'UTF-8'?>
<Table class="oracle.dbtools.crest.model.design.relational.Table" directorySegmentName="seg_0" id="AE955AE7-0744-31E4-3037-ABF91DD4C0C8" name="tblMan">
<createdBy>tficor</createdBy>
<createdTime>2019-07-31 02:59:34 UTC</createdTime>
<comment>Create sequence for ManID that starts at 1001 or greater.</comment>
<generatorID>E5FA31C6-0F0D-C8CD-143B-A211106A5EBD</generatorID>
<ownerDesignName>schooldatabasemodel</ownerDesignName>
<abbreviation>Man</abbreviation>
<allowColumnReorder>false</allowColumnReorder>
<existDependencyGenerateInDDl>true</existDependencyGenerateInDDl>
<parsed>true</parsed>
<columns itemClass="oracle.dbtools.crest.model.design.relational.Column">
<Column name="ManID" id="5E9962FA-326D-F142-3115-521FEA2737D1">
<createdBy>tficor</createdBy>
<createdTime>2019-07-31 02:59:34 UTC</createdTime>
<generatorID>071B9AA8-AD26-B79B-1396-4C6592563C23</generatorID>
<ownerDesignName>schooldatabasemodel</ownerDesignName>
<useDomainConstraints>false</useDomainConstraints>
<use>1</use>
<logicalDatatype>LOGDT024</logicalDatatype>
<dataTypeSize>10</dataTypeSize>
<ownDataTypeParameters>10,,</ownDataTypeParameters>
<autoIncrementCycle>false</autoIncrementCycle>
</Column>
<Column name="FirstName" id="E3106B1F-49FC-E32A-FA3B-BBC935E1DA39">
<createdBy>tficor</createdBy>
<createdTime>2019-07-31 02:59:34 UTC</createdTime>
<generatorID>C5785C7C-B60B-A868-2E50-0AD83AA8263A</generatorID>
<ownerDesignName>schooldatabasemodel</ownerDesignName>
<nullsAllowed>true</nullsAllowed>
<useDomainConstraints>false</useDomainConstraints>
<use>1</use>
<logicalDatatype>LOGDT024</logicalDatatype>
<dataTypeSize>20</dataTypeSize>
<ownDataTypeParameters>20,,</ownDataTypeParameters>
<autoIncrementCycle>false</autoIncrementCycle>
</Column>
<Column name="LastName" id="35904881-9283-8E14-07FD-F7C3A0127B38">
<createdBy>tficor</createdBy>
<createdTime>2019-07-31 02:59:34 UTC</createdTime>
<generatorID>EA46408B-46F0-5775-819E-56CE0C2FF67D</generatorID>
<ownerDesignName>schooldatabasemodel</ownerDesignName>
<nullsAllowed>true</nullsAllowed>
<useDomainConstraints>false</useDomainConstraints>
<use>1</use>
<logicalDatatype>LOGDT024</logicalDatatype>
<dataTypeSize>30</dataTypeSize>
<ownDataTypeParameters>30,,</ownDataTypeParameters>
<autoIncrementCycle>false</autoIncrementCycle>
</Column>
<Column name="DOB" id="CE90C8F9-0731-8F8B-9B2E-61E5F68FFC53">
<createdBy>tficor</createdBy>
<createdTime>2019-07-31 02:59:34 UTC</createdTime>
<generatorID>6EFF6D6D-91F4-AA59-B60C-5A717B2D0317</generatorID>
<ownerDesignName>schooldatabasemodel</ownerDesignName>
<nullsAllowed>true</nullsAllowed>
<useDomainConstraints>false</useDomainConstraints>
<use>1</use>
<logicalDatatype>LOGDT007</logicalDatatype>
<ownDataTypeParameters>,,</ownDataTypeParameters>
<autoIncrementCycle>false</autoIncrementCycle>
</Column>
<Column name="tblGuardian_GuardianID" id="F611923E-FF03-1CD2-7520-19198FC830E9">
<createdBy>tficor</createdBy>
<createdTime>2019-07-31 02:59:34 UTC</createdTime>
<generatorID>B3221D60-FE99-7153-4878-B2A6B3B0DB6D</generatorID>
<ownerDesignName>schooldatabasemodel</ownerDesignName>
<nullsAllowed>true</nullsAllowed>
<useDomainConstraints>false</useDomainConstraints>
<use>1</use>
<logicalDatatype>LOGDT024</logicalDatatype>
<dataTypeSize>10</dataTypeSize>
<ownDataTypeParameters>10,,</ownDataTypeParameters>
<previousColumn>false</previousColumn>
<autoIncrementCycle>false</autoIncrementCycle>
<associations>
<colAssociation fkAssociation="53D49354-AB26-E05E-943D-D846EC8D74A0" referredColumn="883C9FBC-A664-EDDA-BD0F-47D5964075DC"/>
</associations>
</Column>
</columns>
<indexes itemClass="oracle.dbtools.crest.model.design.relational.Index">
<ind_PK_UK id="90DECF38-0043-DAD8-157D-2276356588DA" name="tblMan_PK">
<createdBy>tficor</createdBy>
<createdTime>2019-07-31 02:59:34 UTC</createdTime>
<generatorID>F6B4D5DB-465D-CDF5-E002-9D1F643CCB8B</generatorID>
<ownerDesignName>schooldatabasemodel</ownerDesignName>
<pk>true</pk>
<indexState>Primary Constraint</indexState>
<isSurrogateKey>false</isSurrogateKey>
<indexColumnUsage>
<colUsage columnID="5E9962FA-326D-F142-3115-521FEA2737D1"/>
</indexColumnUsage>
</ind_PK_UK>
<ind_PK_UK id="45FB9DDE-1DFB-89CD-A279-B90A0C39F4A7" name="tblMan__IDX">
<createdBy>tficor</createdBy>
<createdTime>2019-07-31 02:59:34 UTC</createdTime>
<ownerDesignName>schooldatabasemodel</ownerDesignName>
<indexState>Unique Plain Index</indexState>
<isSurrogateKey>false</isSurrogateKey>
<relationGeneratorID>86F22CD8-1139-F3CC-7A58-B1D89116F596</relationGeneratorID>
<indexColumnUsage>
<colUsage columnID="F611923E-FF03-1CD2-7520-19198FC830E9"/>
</indexColumnUsage>
</ind_PK_UK>
<ind_PK_UK id="7E446B67-FD2E-E7C3-888D-384A01966757" name="tblMan_tblGuardian_FK">
<createdBy>tficor</createdBy>
<createdTime>2019-07-31 02:59:34 UTC</createdTime>
<generatorID>86F22CD8-1139-F3CC-7A58-B1D89116F596</generatorID>
<ownerDesignName>schooldatabasemodel</ownerDesignName>
<indexState>Foreign Key</indexState>
<isSurrogateKey>false</isSurrogateKey>
<indexColumnUsage>
<colUsage columnID="F611923E-FF03-1CD2-7520-19198FC830E9"/>
</indexColumnUsage>
</ind_PK_UK>
</indexes>
</Table>