<?xml version = '1.0' encoding = 'UTF-8'?>
<Table class="oracle.dbtools.crest.model.design.relational.Table" directorySegmentName="seg_0" id="D6273B8F-7F76-AC41-1187-781CCF841A04" name="tblSibling">
<createdBy>tficor</createdBy>
<createdTime>2019-07-31 02:59:34 UTC</createdTime>
<comment>make sure that the IDs for the composite keys start with 1001 or greater.</comment>
<generatorID>DDC6D3FA-88E5-D625-6BFE-B6EF97737CBA</generatorID>
<ownerDesignName>schooldatabasemodel</ownerDesignName>
<abbreviation>Sibling</abbreviation>
<allowColumnReorder>false</allowColumnReorder>
<existDependencyGenerateInDDl>true</existDependencyGenerateInDDl>
<parsed>true</parsed>
<columns itemClass="oracle.dbtools.crest.model.design.relational.Column">
<Column name="SiblingID" id="385A18AB-7FA9-7BB4-8590-535FB21E2520">
<createdBy>tficor</createdBy>
<createdTime>2019-07-31 02:59:34 UTC</createdTime>
<generatorID>BDB15098-270D-7D37-1DDC-5EB79BECB27A</generatorID>
<ownerDesignName>schooldatabasemodel</ownerDesignName>
<useDomainConstraints>false</useDomainConstraints>
<use>1</use>
<logicalDatatype>LOGDT024</logicalDatatype>
<dataTypeSize>10</dataTypeSize>
<ownDataTypeParameters>10,,</ownDataTypeParameters>
<autoIncrementCycle>false</autoIncrementCycle>
</Column>
<Column name="ChildID" id="8E757BE3-B5FB-C541-C8DC-41A8ACC437FF">
<createdBy>tficor</createdBy>
<createdTime>2019-07-31 02:59:34 UTC</createdTime>
<generatorID>6AD7680E-E5F7-D2A5-4E8C-69BD7C249C00</generatorID>
<ownerDesignName>schooldatabasemodel</ownerDesignName>
<useDomainConstraints>false</useDomainConstraints>
<use>1</use>
<logicalDatatype>LOGDT024</logicalDatatype>
<dataTypeSize>10</dataTypeSize>
<ownDataTypeParameters>10,,</ownDataTypeParameters>
<autoIncrementCycle>false</autoIncrementCycle>
</Column>
</columns>
<indexes itemClass="oracle.dbtools.crest.model.design.relational.Index">
<ind_PK_UK id="84F4A93B-7265-4D62-2562-B1EFAB5851A2" name="tblSibling_PK">
<createdBy>tficor</createdBy>
<createdTime>2019-07-31 02:59:34 UTC</createdTime>
<generatorID>66B58762-3A23-2F63-C255-6E782D95FCEF</generatorID>
<ownerDesignName>schooldatabasemodel</ownerDesignName>
<pk>true</pk>
<indexState>Primary Constraint</indexState>
<isSurrogateKey>false</isSurrogateKey>
<indexColumnUsage>
<colUsage columnID="385A18AB-7FA9-7BB4-8590-535FB21E2520"/>
<colUsage columnID="8E757BE3-B5FB-C541-C8DC-41A8ACC437FF"/>
</indexColumnUsage>
</ind_PK_UK>
</indexes>
</Table>