<?xml version = '1.0' encoding = 'UTF-8'?>
<Entity class="oracle.dbtools.crest.model.design.logical.Entity" directorySegmentName="seg_0" id="0A1CC2C9-7DCE-ED8F-D1CC-37065C4FAE79" name="tblRelationship">
<createdBy>tficor</createdBy>
<createdTime>2019-07-29 19:49:33 UTC</createdTime>
<comment>Create sequence for RelationID that starts at 1001 or greater.</comment>
<ownerDesignName>schooldatabasemodel</ownerDesignName>
<engineerTo>
<item key="BBC4839E-4998-227B-1771-55FD5CE297D4" value="true"/>
</engineerTo>
<adequatelyNormalized>NO</adequatelyNormalized>
<expectedVolumes>0</expectedVolumes>
<fwdEngineeringStrategyName>Single Table</fwdEngineeringStrategyName>
<growthPercent>0</growthPercent>
<growthType>Year</growthType>
<maxVolumes>9999999</maxVolumes>
<minVolumes>0</minVolumes>
<normalForm>Third</normalForm>
<shortName>Relationship</shortName>
<attributes itemClass="oracle.dbtools.crest.model.design.logical.Attribute">
<Attribute name="RelationID" id="7E67A4F5-ADC0-8C68-4ECA-42832BF3D442">
<createdBy>tficor</createdBy>
<createdTime>2019-07-30 22:09:16 UTC</createdTime>
<ownerDesignName>schooldatabasemodel</ownerDesignName>
<engineerTo>
<item key="BBC4839E-4998-227B-1771-55FD5CE297D4" value="true"/>
</engineerTo>
<useDomainConstraints>false</useDomainConstraints>
<use>1</use>
<logicalDatatype>LOGDT024</logicalDatatype>
<dataTypeSize>10</dataTypeSize>
<ownDataTypeParameters>10,,</ownDataTypeParameters>
</Attribute>
<Attribute name="Relationship" id="BE0E8720-AC85-CFBD-9399-9205887E9071">
<createdBy>tficor</createdBy>
<createdTime>2019-07-30 22:10:05 UTC</createdTime>
<ownerDesignName>schooldatabasemodel</ownerDesignName>
<engineerTo>
<item key="BBC4839E-4998-227B-1771-55FD5CE297D4" value="true"/>
</engineerTo>
<useDomainConstraints>false</useDomainConstraints>
<use>1</use>
<logicalDatatype>LOGDT024</logicalDatatype>
<dataTypeSize>25</dataTypeSize>
<ownDataTypeParameters>25,,</ownDataTypeParameters>
</Attribute>
<Attribute name="tblGuardian GuardianID" id="5DC1B2DB-4CEB-32CC-C66E-07AC0ADB59D5">
<createdBy>tficor</createdBy>
<createdTime>2019-07-31 02:48:28 UTC</createdTime>
<generatorID>4325D038-0FC8-7B83-7030-235AA2898D09</generatorID>
<ownerDesignName>schooldatabasemodel</ownerDesignName>
<engineerTo>
<item key="BBC4839E-4998-227B-1771-55FD5CE297D4" value="true"/>
</engineerTo>
<referedAttribute>904B0527-DC96-5785-F32C-56246090D9EA</referedAttribute>
<useDomainConstraints>false</useDomainConstraints>
<use>1</use>
<logicalDatatype>LOGDT024</logicalDatatype>
<dataTypeSize>10</dataTypeSize>
<ownDataTypeParameters>,,</ownDataTypeParameters>
</Attribute>
</attributes>
<identifiers itemClass="oracle.dbtools.crest.model.design.logical.CandidateKey">
<identifier id="FB81B8D1-019A-72E3-2381-338B2FC953FB" name="tblRelationship PK">
<createdBy>tficor</createdBy>
<createdTime>2019-07-30 22:09:31 UTC</createdTime>
<ownerDesignName>schooldatabasemodel</ownerDesignName>
<shouldEngineer>false</shouldEngineer>
<engineerTo>
<item key="BBC4839E-4998-227B-1771-55FD5CE297D4" value="false"/>
</engineerTo>
<pk>true</pk>
<usedAttributes>
<attributeRef>7E67A4F5-ADC0-8C68-4ECA-42832BF3D442</attributeRef>
</usedAttributes>
</identifier>
</identifiers>
</Entity>