<?xml version = '1.0' encoding = 'UTF-8'?>
<Entity class="oracle.dbtools.crest.model.design.logical.Entity" directorySegmentName="seg_0" id="A75369C6-D6D9-5C93-3FF5-B316F7AF9C32" name="tblChild">
<createdBy>tficor</createdBy>
<createdTime>2019-07-29 19:42:54 UTC</createdTime>
<comment>A child does not have to have a father&lt;br/&gt;A child does not have to have a mother&lt;br/&gt;A child does have to have one guardian/parent in the database. </comment>
<ownerDesignName>schooldatabasemodel</ownerDesignName>
<engineerTo>
<item key="BBC4839E-4998-227B-1771-55FD5CE297D4" value="true"/>
</engineerTo>
<adequatelyNormalized>NO</adequatelyNormalized>
<expectedVolumes>0</expectedVolumes>
<fwdEngineeringStrategyName>Single Table</fwdEngineeringStrategyName>
<growthPercent>0</growthPercent>
<growthType>Year</growthType>
<maxVolumes>9999999</maxVolumes>
<minVolumes>0</minVolumes>
<normalForm>Third</normalForm>
<shortName>Child</shortName>
<attributes itemClass="oracle.dbtools.crest.model.design.logical.Attribute">
<Attribute name="ChildID" id="42A89C35-72C6-8D2C-29CD-0A04D759E0AD">
<createdBy>tficor</createdBy>
<createdTime>2019-07-30 22:06:32 UTC</createdTime>
<ownerDesignName>schooldatabasemodel</ownerDesignName>
<engineerTo>
<item key="BBC4839E-4998-227B-1771-55FD5CE297D4" value="true"/>
</engineerTo>
<useDomainConstraints>false</useDomainConstraints>
<use>1</use>
<logicalDatatype>LOGDT024</logicalDatatype>
<dataTypeSize>10</dataTypeSize>
<ownDataTypeParameters>10,,</ownDataTypeParameters>
</Attribute>
<Attribute name="FirstName" id="AB0441CB-0E82-0CD4-6F33-20E4FF0C61AF">
<createdBy>tficor</createdBy>
<createdTime>2019-07-30 22:06:48 UTC</createdTime>
<ownerDesignName>schooldatabasemodel</ownerDesignName>
<engineerTo>
<item key="BBC4839E-4998-227B-1771-55FD5CE297D4" value="true"/>
</engineerTo>
<useDomainConstraints>false</useDomainConstraints>
<use>1</use>
<logicalDatatype>LOGDT024</logicalDatatype>
<dataTypeSize>20</dataTypeSize>
<ownDataTypeParameters>20,,</ownDataTypeParameters>
</Attribute>
<Attribute name="LastName" id="DF65EA72-AE15-42B7-4FD0-8681F185EDC9">
<createdBy>tficor</createdBy>
<createdTime>2019-07-30 22:07:03 UTC</createdTime>
<ownerDesignName>schooldatabasemodel</ownerDesignName>
<engineerTo>
<item key="BBC4839E-4998-227B-1771-55FD5CE297D4" value="true"/>
</engineerTo>
<useDomainConstraints>false</useDomainConstraints>
<use>1</use>
<logicalDatatype>LOGDT024</logicalDatatype>
<dataTypeSize>30</dataTypeSize>
<ownDataTypeParameters>30,,</ownDataTypeParameters>
</Attribute>
<Attribute name="DOB" id="8AE29811-10D5-6687-522B-5663E4778C16">
<createdBy>tficor</createdBy>
<createdTime>2019-07-30 22:07:27 UTC</createdTime>
<ownerDesignName>schooldatabasemodel</ownerDesignName>
<engineerTo>
<item key="BBC4839E-4998-227B-1771-55FD5CE297D4" value="true"/>
</engineerTo>
<useDomainConstraints>false</useDomainConstraints>
<use>1</use>
<logicalDatatype>LOGDT007</logicalDatatype>
<ownDataTypeParameters>,,</ownDataTypeParameters>
</Attribute>
<Attribute name="Gender" id="3D2EDF2F-45C6-7947-9B5C-519505DA19F0">
<createdBy>tficor</createdBy>
<createdTime>2019-07-30 22:07:41 UTC</createdTime>
<ownerDesignName>schooldatabasemodel</ownerDesignName>
<engineerTo>
<item key="BBC4839E-4998-227B-1771-55FD5CE297D4" value="true"/>
</engineerTo>
<useDomainConstraints>false</useDomainConstraints>
<use>1</use>
<logicalDatatype>LOGDT024</logicalDatatype>
<dataTypeSize>1</dataTypeSize>
<ownDataTypeParameters>1,,</ownDataTypeParameters>
</Attribute>
<Attribute name="tblGuardian GuardianID" id="1DB063FB-986F-C051-6645-AA89563168D2">
<createdBy>tficor</createdBy>
<createdTime>2019-07-31 02:29:41 UTC</createdTime>
<generatorID>39E9F8B5-A56F-44BD-C164-7952867C55D8</generatorID>
<ownerDesignName>schooldatabasemodel</ownerDesignName>
<engineerTo>
<item key="BBC4839E-4998-227B-1771-55FD5CE297D4" value="true"/>
</engineerTo>
<useDomainConstraints>false</useDomainConstraints>
<use>1</use>
<logicalDatatype>LOGDT024</logicalDatatype>
<dataTypeSize>10</dataTypeSize>
<ownDataTypeParameters>10,,</ownDataTypeParameters>
</Attribute>
</attributes>
<identifiers itemClass="oracle.dbtools.crest.model.design.logical.CandidateKey">
<identifier id="9E934BAF-4D9A-CEBD-13B0-4C2F9BC25395" name="tblChild PK">
<createdBy>tficor</createdBy>
<createdTime>2019-07-30 22:06:47 UTC</createdTime>
<ownerDesignName>schooldatabasemodel</ownerDesignName>
<shouldEngineer>false</shouldEngineer>
<engineerTo>
<item key="BBC4839E-4998-227B-1771-55FD5CE297D4" value="false"/>
</engineerTo>
<pk>true</pk>
<usedAttributes>
<attributeRef>42A89C35-72C6-8D2C-29CD-0A04D759E0AD</attributeRef>
</usedAttributes>
</identifier>
</identifiers>
</Entity>