<?xml version = '1.0' encoding = 'UTF-8'?>
<Entity class="oracle.dbtools.crest.model.design.logical.Entity" directorySegmentName="seg_0" id="DDC6D3FA-88E5-D625-6BFE-B6EF97737CBA" name="tblSibling">
<createdBy>tficor</createdBy>
<createdTime>2019-07-29 19:43:25 UTC</createdTime>
<comment>make sure that the IDs for the composite keys start with 1001 or greater.</comment>
<ownerDesignName>schooldatabasemodel</ownerDesignName>
<engineerTo>
<item key="BBC4839E-4998-227B-1771-55FD5CE297D4" value="true"/>
</engineerTo>
<adequatelyNormalized>NO</adequatelyNormalized>
<expectedVolumes>0</expectedVolumes>
<fwdEngineeringStrategyName>Single Table</fwdEngineeringStrategyName>
<growthPercent>0</growthPercent>
<growthType>Year</growthType>
<maxVolumes>9999999</maxVolumes>
<minVolumes>0</minVolumes>
<normalForm>Third</normalForm>
<shortName>Sibling</shortName>
<attributes itemClass="oracle.dbtools.crest.model.design.logical.Attribute">
<Attribute name="SiblingID" id="BDB15098-270D-7D37-1DDC-5EB79BECB27A">
<createdBy>tficor</createdBy>
<createdTime>2019-07-30 22:08:07 UTC</createdTime>
<ownerDesignName>schooldatabasemodel</ownerDesignName>
<engineerTo>
<item key="BBC4839E-4998-227B-1771-55FD5CE297D4" value="true"/>
</engineerTo>
<useDomainConstraints>false</useDomainConstraints>
<use>1</use>
<logicalDatatype>LOGDT024</logicalDatatype>
<dataTypeSize>10</dataTypeSize>
<ownDataTypeParameters>10,,</ownDataTypeParameters>
</Attribute>
<Attribute name="ChildID" id="6AD7680E-E5F7-D2A5-4E8C-69BD7C249C00">
<createdBy>tficor</createdBy>
<createdTime>2019-07-31 02:44:10 UTC</createdTime>
<ownerDesignName>schooldatabasemodel</ownerDesignName>
<engineerTo>
<item key="BBC4839E-4998-227B-1771-55FD5CE297D4" value="true"/>
</engineerTo>
<useDomainConstraints>false</useDomainConstraints>
<use>1</use>
<logicalDatatype>LOGDT024</logicalDatatype>
<dataTypeSize>10</dataTypeSize>
<ownDataTypeParameters>10,,</ownDataTypeParameters>
</Attribute>
</attributes>
<identifiers itemClass="oracle.dbtools.crest.model.design.logical.CandidateKey">
<identifier id="66B58762-3A23-2F63-C255-6E782D95FCEF" name="tblSibling PK">
<createdBy>tficor</createdBy>
<createdTime>2019-07-30 22:17:37 UTC</createdTime>
<ownerDesignName>schooldatabasemodel</ownerDesignName>
<shouldEngineer>false</shouldEngineer>
<engineerTo>
<item key="BBC4839E-4998-227B-1771-55FD5CE297D4" value="false"/>
</engineerTo>
<pk>true</pk>
<usedAttributes>
<attributeRef>BDB15098-270D-7D37-1DDC-5EB79BECB27A</attributeRef>
<attributeRef>6AD7680E-E5F7-D2A5-4E8C-69BD7C249C00</attributeRef>
</usedAttributes>
</identifier>
</identifiers>
</Entity>