<?xml version = '1.0' encoding = 'UTF-8'?>
<Entity class="oracle.dbtools.crest.model.design.logical.Entity" directorySegmentName="seg_0" id="E5FA31C6-0F0D-C8CD-143B-A211106A5EBD" name="tblMan">
<createdBy>tficor</createdBy>
<createdTime>2019-07-29 19:42:06 UTC</createdTime>
<comment>Create sequence for ManID that starts at 1001 or greater.</comment>
<ownerDesignName>schooldatabasemodel</ownerDesignName>
<engineerTo>
<item key="BBC4839E-4998-227B-1771-55FD5CE297D4" value="true"/>
</engineerTo>
<adequatelyNormalized>NO</adequatelyNormalized>
<expectedVolumes>0</expectedVolumes>
<fwdEngineeringStrategyName>Single Table</fwdEngineeringStrategyName>
<growthPercent>0</growthPercent>
<growthType>Year</growthType>
<maxVolumes>9999999</maxVolumes>
<minVolumes>0</minVolumes>
<normalForm>Third</normalForm>
<shortName>Man</shortName>
<attributes itemClass="oracle.dbtools.crest.model.design.logical.Attribute">
<Attribute name="ManID" id="071B9AA8-AD26-B79B-1396-4C6592563C23">
<createdBy>tficor</createdBy>
<createdTime>2019-07-30 22:02:48 UTC</createdTime>
<ownerDesignName>schooldatabasemodel</ownerDesignName>
<engineerTo>
<item key="BBC4839E-4998-227B-1771-55FD5CE297D4" value="true"/>
</engineerTo>
<useDomainConstraints>false</useDomainConstraints>
<use>1</use>
<logicalDatatype>LOGDT024</logicalDatatype>
<dataTypeSize>10</dataTypeSize>
<ownDataTypeParameters>10,,</ownDataTypeParameters>
</Attribute>
<Attribute name="FirstName" id="C5785C7C-B60B-A868-2E50-0AD83AA8263A">
<createdBy>tficor</createdBy>
<createdTime>2019-07-30 22:03:19 UTC</createdTime>
<ownerDesignName>schooldatabasemodel</ownerDesignName>
<engineerTo>
<item key="BBC4839E-4998-227B-1771-55FD5CE297D4" value="true"/>
</engineerTo>
<nullsAllowed>true</nullsAllowed>
<useDomainConstraints>false</useDomainConstraints>
<use>1</use>
<logicalDatatype>LOGDT024</logicalDatatype>
<dataTypeSize>20</dataTypeSize>
<ownDataTypeParameters>20,,</ownDataTypeParameters>
</Attribute>
<Attribute name="LastName" id="EA46408B-46F0-5775-819E-56CE0C2FF67D">
<createdBy>tficor</createdBy>
<createdTime>2019-07-30 22:03:42 UTC</createdTime>
<ownerDesignName>schooldatabasemodel</ownerDesignName>
<engineerTo>
<item key="BBC4839E-4998-227B-1771-55FD5CE297D4" value="true"/>
</engineerTo>
<nullsAllowed>true</nullsAllowed>
<useDomainConstraints>false</useDomainConstraints>
<use>1</use>
<logicalDatatype>LOGDT024</logicalDatatype>
<dataTypeSize>30</dataTypeSize>
<ownDataTypeParameters>30,,</ownDataTypeParameters>
</Attribute>
<Attribute name="DOB" id="6EFF6D6D-91F4-AA59-B60C-5A717B2D0317">
<createdBy>tficor</createdBy>
<createdTime>2019-07-30 22:04:09 UTC</createdTime>
<ownerDesignName>schooldatabasemodel</ownerDesignName>
<engineerTo>
<item key="BBC4839E-4998-227B-1771-55FD5CE297D4" value="true"/>
</engineerTo>
<nullsAllowed>true</nullsAllowed>
<useDomainConstraints>false</useDomainConstraints>
<use>1</use>
<logicalDatatype>LOGDT007</logicalDatatype>
<ownDataTypeParameters>,,</ownDataTypeParameters>
</Attribute>
<Attribute name="tblGuardian GuardianID" id="B3221D60-FE99-7153-4878-B2A6B3B0DB6D">
<createdBy>tficor</createdBy>
<createdTime>2019-07-31 02:57:51 UTC</createdTime>
<generatorID>86F22CD8-1139-F3CC-7A58-B1D89116F596</generatorID>
<ownerDesignName>schooldatabasemodel</ownerDesignName>
<engineerTo>
<item key="BBC4839E-4998-227B-1771-55FD5CE297D4" value="true"/>
</engineerTo>
<nullsAllowed>true</nullsAllowed>
<referedAttribute>904B0527-DC96-5785-F32C-56246090D9EA</referedAttribute>
<useDomainConstraints>false</useDomainConstraints>
<use>1</use>
<logicalDatatype>LOGDT024</logicalDatatype>
<dataTypeSize>10</dataTypeSize>
<ownDataTypeParameters>10,,</ownDataTypeParameters>
</Attribute>
</attributes>
<identifiers itemClass="oracle.dbtools.crest.model.design.logical.CandidateKey">
<identifier id="F6B4D5DB-465D-CDF5-E002-9D1F643CCB8B" name="tblMan PK">
<createdBy>tficor</createdBy>
<createdTime>2019-07-30 22:03:17 UTC</createdTime>
<ownerDesignName>schooldatabasemodel</ownerDesignName>
<shouldEngineer>false</shouldEngineer>
<engineerTo>
<item key="BBC4839E-4998-227B-1771-55FD5CE297D4" value="false"/>
</engineerTo>
<pk>true</pk>
<usedAttributes>
<attributeRef>071B9AA8-AD26-B79B-1396-4C6592563C23</attributeRef>
</usedAttributes>
</identifier>
</identifiers>
</Entity>