<?xml version = '1.0' encoding = 'UTF-8'?>
<Entity class="oracle.dbtools.crest.model.design.logical.Entity" directorySegmentName="seg_0" id="F33B4764-B156-68A2-470D-2B6F9A99696F" name="tblGuardian">
<createdBy>tficor</createdBy>
<createdTime>2019-07-29 19:49:16 UTC</createdTime>
<ownerDesignName>schooldatabasemodel</ownerDesignName>
<engineerTo>
<item key="BBC4839E-4998-227B-1771-55FD5CE297D4" value="true"/>
</engineerTo>
<adequatelyNormalized>NO</adequatelyNormalized>
<expectedVolumes>0</expectedVolumes>
<fwdEngineeringStrategyName>Single Table</fwdEngineeringStrategyName>
<growthPercent>0</growthPercent>
<growthType>Year</growthType>
<maxVolumes>9999999</maxVolumes>
<minVolumes>0</minVolumes>
<normalForm>Third</normalForm>
<shortName>Guardian</shortName>
<attributes itemClass="oracle.dbtools.crest.model.design.logical.Attribute">
<Attribute name="GuardianID" id="904B0527-DC96-5785-F32C-56246090D9EA">
<createdBy>tficor</createdBy>
<createdTime>2019-07-30 22:05:53 UTC</createdTime>
<ownerDesignName>schooldatabasemodel</ownerDesignName>
<engineerTo>
<item key="BBC4839E-4998-227B-1771-55FD5CE297D4" value="true"/>
</engineerTo>
<useDomainConstraints>false</useDomainConstraints>
<use>1</use>
<logicalDatatype>LOGDT024</logicalDatatype>
<dataTypeSize>10</dataTypeSize>
<ownDataTypeParameters>10,,</ownDataTypeParameters>
</Attribute>
<Attribute name="ManID" id="56B826B8-4655-3BB8-0759-766249B70161">
<createdBy>tficor</createdBy>
<createdTime>2019-08-04 16:31:22 UTC</createdTime>
<generatorID>86F22CD8-1139-F3CC-7A58-B1D89116F596</generatorID>
<ownerDesignName>schooldatabasemodel</ownerDesignName>
<engineerTo>
<item key="BBC4839E-4998-227B-1771-55FD5CE297D4" value="true"/>
</engineerTo>
<nullsAllowed>true</nullsAllowed>
<referedAttribute>071B9AA8-AD26-B79B-1396-4C6592563C23</referedAttribute>
<useDomainConstraints>false</useDomainConstraints>
<use>1</use>
<logicalDatatype>LOGDT024</logicalDatatype>
<dataTypeSize>10</dataTypeSize>
<ownDataTypeParameters>,,</ownDataTypeParameters>
</Attribute>
<Attribute name="WomanID" id="256ED975-4036-71EE-5381-108B9FFDDBB1">
<createdBy>tficor</createdBy>
<createdTime>2019-08-04 16:31:22 UTC</createdTime>
<generatorID>9C7A3CC2-181F-28E6-E5FF-A2500E068074</generatorID>
<ownerDesignName>schooldatabasemodel</ownerDesignName>
<engineerTo>
<item key="BBC4839E-4998-227B-1771-55FD5CE297D4" value="true"/>
</engineerTo>
<nullsAllowed>true</nullsAllowed>
<referedAttribute>C05F898C-183E-C5DC-8338-BEDE21A5FEF1</referedAttribute>
<useDomainConstraints>false</useDomainConstraints>
<use>1</use>
<logicalDatatype>LOGDT024</logicalDatatype>
<dataTypeSize>10</dataTypeSize>
<ownDataTypeParameters>,,</ownDataTypeParameters>
</Attribute>
<Attribute name="RelationID" id="03831457-030D-6E2B-117F-C6DCB970B157">
<createdBy>tficor</createdBy>
<createdTime>2019-08-04 16:55:06 UTC</createdTime>
<generatorID>4325D038-0FC8-7B83-7030-235AA2898D09</generatorID>
<ownerDesignName>schooldatabasemodel</ownerDesignName>
<engineerTo>
<item key="BBC4839E-4998-227B-1771-55FD5CE297D4" value="true"/>
</engineerTo>
<referedAttribute>7E67A4F5-ADC0-8C68-4ECA-42832BF3D442</referedAttribute>
<useDomainConstraints>false</useDomainConstraints>
<use>1</use>
<logicalDatatype>LOGDT024</logicalDatatype>
<dataTypeSize>10</dataTypeSize>
<ownDataTypeParameters>,,</ownDataTypeParameters>
</Attribute>
</attributes>
<identifiers itemClass="oracle.dbtools.crest.model.design.logical.CandidateKey">
<identifier id="84A85C00-31C7-0E6C-AB8B-31BD0A0CDD69" name="tblGuardian PK">
<createdBy>tficor</createdBy>
<createdTime>2019-07-30 22:06:09 UTC</createdTime>
<ownerDesignName>schooldatabasemodel</ownerDesignName>
<shouldEngineer>false</shouldEngineer>
<engineerTo>
<item key="BBC4839E-4998-227B-1771-55FD5CE297D4" value="false"/>
</engineerTo>
<pk>true</pk>
<usedAttributes>
<attributeRef>904B0527-DC96-5785-F32C-56246090D9EA</attributeRef>
</usedAttributes>
</identifier>
</identifiers>
</Entity>