<?xml version = '1.0' encoding = 'UTF-8'?>
<Relation class="oracle.dbtools.crest.model.design.logical.Relation" name="tblGuardian tblRelationship FK" directorySegmentName="seg_0" id="4325D038-0FC8-7B83-7030-235AA2898D09">
<createdBy>tficor</createdBy>
<createdTime>2019-07-31 00:54:09 UTC</createdTime>
<ownerDesignName>schooldatabasemodel</ownerDesignName>
<engineerTo>
<item key="BBC4839E-4998-227B-1771-55FD5CE297D4" value="true"/>
</engineerTo>
<sourcePk>84A85C00-31C7-0E6C-AB8B-31BD0A0CDD69</sourcePk>
<targetPk>FB81B8D1-019A-72E3-2381-338B2FC953FB</targetPk>
<identifying>false</identifying>
<optionalSource>false</optionalSource>
<optionalTarget>false</optionalTarget>
<sourceCardinality>1</sourceCardinality>
<sourceEntity>F33B4764-B156-68A2-470D-2B6F9A99696F</sourceEntity>
<targetCardinalityString>1</targetCardinalityString>
<targetEntity>0A1CC2C9-7DCE-ED8F-D1CC-37065C4FAE79</targetEntity>
<transferable>true</transferable>
<deleteRule>NO ACTION</deleteRule>
</Relation>