<?xml version = '1.0' encoding = 'UTF-8'?>
<Relation class="oracle.dbtools.crest.model.design.logical.Relation" name="tblMan tblGuardian FK" directorySegmentName="seg_0" id="86F22CD8-1139-F3CC-7A58-B1D89116F596">
<createdBy>tficor</createdBy>
<createdTime>2019-07-30 22:12:45 UTC</createdTime>
<ownerDesignName>schooldatabasemodel</ownerDesignName>
<engineerTo>
<item key="BBC4839E-4998-227B-1771-55FD5CE297D4" value="true"/>
</engineerTo>
<sourcePk>84A85C00-31C7-0E6C-AB8B-31BD0A0CDD69</sourcePk>
<targetPk>F6B4D5DB-465D-CDF5-E002-9D1F643CCB8B</targetPk>
<identifying>false</identifying>
<optionalSource>true</optionalSource>
<optionalTarget>true</optionalTarget>
<sourceCardinality>1</sourceCardinality>
<sourceEntity>F33B4764-B156-68A2-470D-2B6F9A99696F</sourceEntity>
<targetCardinalityString>1</targetCardinalityString>
<targetEntity>E5FA31C6-0F0D-C8CD-143B-A211106A5EBD</targetEntity>
<transferable>true</transferable>
<deleteRule>NO ACTION</deleteRule>
</Relation>