<?xml version = '1.0' encoding = 'UTF-8'?>
<Relation class="oracle.dbtools.crest.model.design.logical.Relation" name="tblWoman tblGuardian FK" directorySegmentName="seg_0" id="9C7A3CC2-181F-28E6-E5FF-A2500E068074">
<createdBy>tficor</createdBy>
<createdTime>2019-07-30 22:14:01 UTC</createdTime>
<ownerDesignName>schooldatabasemodel</ownerDesignName>
<engineerTo>
<item key="BBC4839E-4998-227B-1771-55FD5CE297D4" value="true"/>
</engineerTo>
<sourcePk>84A85C00-31C7-0E6C-AB8B-31BD0A0CDD69</sourcePk>
<targetPk>AE0A35B3-EAAE-5038-CA09-BE7FBFBDEC08</targetPk>
<identifying>false</identifying>
<optionalSource>true</optionalSource>
<optionalTarget>true</optionalTarget>
<sourceCardinality>1</sourceCardinality>
<sourceEntity>F33B4764-B156-68A2-470D-2B6F9A99696F</sourceEntity>
<targetCardinalityString>1</targetCardinalityString>
<targetEntity>DDA20AB5-6CF3-49AE-6471-F2C90E6AF7B8</targetEntity>
<transferable>true</transferable>
<deleteRule>NO ACTION</deleteRule>
</Relation>