<?xml version = '1.0' encoding = 'UTF-8'?>
<Relation class="oracle.dbtools.crest.model.design.logical.Relation" name="tblSibling tblChild FK" directorySegmentName="seg_0" id="C0A839B5-1754-F729-6F5E-146F4B717CA1">
<createdBy>tficor</createdBy>
<createdTime>2019-07-30 22:17:37 UTC</createdTime>
<ownerDesignName>schooldatabasemodel</ownerDesignName>
<engineerTo>
<item key="DD46BF3A-074F-7C0B-65BD-D185FB78DFAB" value="true"/>
</engineerTo>
<sourcePk>9E934BAF-4D9A-CEBD-13B0-4C2F9BC25395</sourcePk>
<identifying>false</identifying>
<optionalSource>false</optionalSource>
<optionalTarget>true</optionalTarget>
<sourceCardinality>*</sourceCardinality>
<sourceEntity>A75369C6-D6D9-5C93-3FF5-B316F7AF9C32</sourceEntity>
<targetCardinalityString>*</targetCardinalityString>
<targetEntity>DDC6D3FA-88E5-D625-6BFE-B6EF97737CBA</targetEntity>
<transferable>true</transferable>
<deleteRule>NO ACTION</deleteRule>
</Relation>