<?xml version = '1.0' encoding = 'UTF-8'?>
<Relation class="oracle.dbtools.crest.model.design.logical.Relation" name="Guardian_Child" directorySegmentName="seg_0" id="F2ECF67B-A14B-6B2F-7F91-735C1EBBE762">
<createdBy>tficor</createdBy>
<createdTime>2019-07-30 22:17:07 UTC</createdTime>
<ownerDesignName>schooldatabasemodel</ownerDesignName>
<engineerTo>
<item key="DD46BF3A-074F-7C0B-65BD-D185FB78DFAB" value="true"/>
</engineerTo>
<sourcePk>84A85C00-31C7-0E6C-AB8B-31BD0A0CDD69</sourcePk>
<identifying>false</identifying>
<optionalSource>false</optionalSource>
<optionalTarget>false</optionalTarget>
<sourceCardinality>*</sourceCardinality>
<sourceEntity>F33B4764-B156-68A2-470D-2B6F9A99696F</sourceEntity>
<targetCardinalityString>*</targetCardinalityString>
<targetEntity>A75369C6-D6D9-5C93-3FF5-B316F7AF9C32</targetEntity>
<transferable>true</transferable>
<deleteRule>NO ACTION</deleteRule>
<attributes itemClass="oracle.dbtools.crest.model.design.logical.Attribute">
<attribute name="tblGuardian GuardianID1" id="C39D4EEF-DCD6-0B58-94A7-B418A282414D">
<createdBy>tficor</createdBy>
<createdTime>2019-07-31 02:29:41 UTC</createdTime>
<ownerDesignName>schooldatabasemodel</ownerDesignName>
<engineerTo>
<item key="DD46BF3A-074F-7C0B-65BD-D185FB78DFAB" value="true"/>
</engineerTo>
<useDomainConstraints>false</useDomainConstraints>
<use>1</use>
<logicalDatatype>LOGDT024</logicalDatatype>
<ownDataTypeParameters>,,</ownDataTypeParameters>
</attribute>
</attributes>
</Relation>